ID,Target_Form_ID,Source_Form_ID
0,14,1140
1,30,1141
2,31,1142
3,65,1143
4,66,1144
5,82,1145
6,83,1146
7,84,1147
8,100,1148
9,115,1149
10,150,1150
11,153,1151
12,158,1152
13,167,1153
14,183,1154
15,194,1155
16,203,1156
17,205,1157
18,206,1158
19,226,1159
20,250,1160
21,260,1161
22,262,1162
23,269,1163
24,280,1164
25,282,1165
26,291,1166
27,301,1167
28,302,1168
29,306,1169
30,331,1170
31,347,1171
32,348,1172
33,349,1173
34,351,1174
35,376,1175
36,377,1176
37,420,1177
38,438,1178
39,439,1179
40,440,1180
41,446,1181
42,447,1182
43,478,1183
44,483,1184
45,523,1185
46,532,1186
47,536,1187
48,557,1188
49,558,1189
50,564,1190
51,572,1191
52,573,1192
53,599,1193
54,601,1194
55,607,1195
56,616,1196
57,631,1197
58,677,1198
59,682,1199
60,690,1200
61,695,1201
62,705,1202
63,753,1203
64,756,1204
65,763,1205
66,766,1206
67,771,1207
68,781,1208
69,833,1209
70,841,1210
71,850,1211
72,854,1212
73,855,1213
74,864,1214
75,879,1215
76,885,1216
77,937,1217
78,948,1218
79,951,1219
80,966,1220
81,968,1221
82,988,1222
83,991,1223
84,994,1224
85,1005,1225
86,1022,1226
87,1043,1227
88,1046,1228
89,1054,1229
90,1062,1230
91,1064,1231
92,1074,1232
93,1088,1233
94,1093,1234
95,1111,1235
96,1128,1236
